--------------------------------
-- Civilizations
--------------------------------		
INSERT INTO Civilizations
	(Type, 											Description, 															ShortDescription, 														Adjective, 																		 CivilopediaTag, 							DefaultPlayerColor, 		ArtDefineTag, 									ArtStyleType, 					ArtStyleSuffix, ArtStylePrefix, IconAtlas, PortraitIndex, AlphaIconAtlas, MapImage, 						DawnOfManQuote, 						DawnOfManImage, 		DawnOfManAudio)
VALUES
	('CIVILIZATION_WWII_UK', 			'TXT_KEY_CIV_WWII_UNITED_KINGDOM_DESC', 	'TXT_KEY_CIV_WWII_UNITED_KINGDOM_SHORT_DESC', 'TXT_KEY_CIV_WWII_UNITED_KINGDOM_ADJECTIVE', 	'TXT_KEY_CIV5_ENGLAND', 			'PLAYERCOLOR_ENGLAND', 	'ART_DEF_CIVILIZATION_ENGLAND', 'ARTSTYLE_EUROPEAN', 		'_EURO', 	'EUROPEAN', 					'WW2_FLAGS', 	1, 'WW2_FLAGS', 	'mapUnitedKingdom.dds', 'TXT_KEY_WWII_UNITED_KINGDOM_DAWN', 'dom_uk.dds', 			'AS2D_DOM_SPEECH_ENGLAND'),
	('CIVILIZATION_WWII_FRANCE', 	'TXT_KEY_CIV_WWII_FRANCE_DESC', 					'TXT_KEY_CIV_WWII_FRANCE_SHORT_DESC', 				'TXT_KEY_CIV_WWII_FRANCE_ADJECTIVE',					'TXT_KEY_CIV5_FRANCE', 				'PLAYERCOLOR_FRANCE', 	'ART_DEF_CIVILIZATION_FRANCE', 	'ARTSTYLE_EUROPEAN', 		'_EURO', 	'EUROPEAN', 					'WW2_FLAGS', 	5, 'WW2_FLAGS', 	'mapFrance.dds', 				'TXT_KEY_WWII_FRANCE_DAWN', 				'dom_france.dds', 	'AS2D_DOM_SPEECH_FRANCE'),
	('CIVILIZATION_WWII_GERMANY', 'TXT_KEY_CIV_WWII_GERMANY_DESC', 					'TXT_KEY_CIV_WWII_GERMANY_SHORT_DESC', 				'TXT_KEY_CIV_WWII_GERMANY_ADJECTIVE',					'TXT_KEY_CIV5_GERMANY', 			'PLAYERCOLOR_GERMANY', 	'ART_DEF_CIVILIZATION_GERMANY', 'ARTSTYLE_EUROPEAN', 		'_EURO', 	'EUROPEAN', 					'WW2_FLAGS', 	0, 'WW2_FLAGS', 	'mapGermany.dds', 			'TXT_KEY_WWII_GERMANY_DAWN', 				'dom_germany.dds', 	'AS2D_DOM_SPEECH_GERMANY'),
	('CIVILIZATION_WWII_ITALY', 	'TXT_KEY_CIV_WWII_ITALY_DESC', 						'TXT_KEY_CIV_WWII_ITALY_DESC',								'TXT_KEY_CIV_WWII_ITALY_ADJECTIVE',						'TXT_KEY_CIV5_ROME', 					'PLAYERCOLOR_GREEN', 		'ART_DEF_CIVILIZATION_ROME', 		'ARTSTYLE_GRECO_ROMAN', '_MED', 	'MEDITERRANEAN', 			'WW2_FLAGS', 	6, 'WW2_FLAGS', 	'mapItaly.dds', 				'TXT_KEY_WWII_ITALY_DAWN', 					'dom_italy.dds', 		'AS2D_DOM_SPEECH_ITALY'),
	('CIVILIZATION_WWII_USSR', 		'TXT_KEY_CIV_WWII_USSR_DESC', 						'TXT_KEY_CIV_WWII_USSR_SHORT_DESC', 					'TXT_KEY_CIV_WWII_USSR_ADJECTIVE',						'TXT_KEY_CIV5_RUSSIA', 				'PLAYERCOLOR_RUSSIA', 	'ART_DEF_CIVILIZATION_RUSSIA', 	'ARTSTYLE_EUROPEAN', 		'_EURO', 	'EUROPEAN', 					'WW2_FLAGS', 	2, 'WW2_FLAGS', 	'mapUSSR.dds', 					'TXT_KEY_WWII_USSR_DAWN', 					'dom_ussr.dds',			'AS2D_DOM_SPEECH_RUSSIA'),
	('CIVILIZATION_WWII_USA', 		'TXT_KEY_CIV_WWII_UNITED_STATES_DESC', 		'TXT_KEY_CIV_WWII_UNITED_STATES_SHORT_DESC', 	'TXT_KEY_CIV_WWII_UNITED_STATES_ADJECTIVE',		'TXT_KEY_CIV5_UNITEDSTATES', 	'PLAYERCOLOR_AMERICA', 	'ART_DEF_CIVILIZATION_AMERICA', 'ARTSTYLE_EUROPEAN', 		'_EURO', 	'EUROPEAN', 					'WW2_FLAGS', 	3, 'WW2_FLAGS', 	'mapUSA.dds', 					'TXT_KEY_WWII_UNITED_STATES_DAWN', 	'dom_america.dds', 	'AS2D_DOM_SPEECH_UNITED_STATES'),
	('CIVILIZATION_WWII_JAPAN', 	'TXT_KEY_CIV_WWII_JAPAN_DESC', 						'TXT_KEY_CIV_WWII_JAPAN_SHORT_DESC', 					'TXT_KEY_CIV_WWII_JAPAN_ADJECTIVE',						'TXT_KEY_CIV5_JAPAN', 				'PLAYERCOLOR_JAPAN', 		'ART_DEF_CIVILIZATION_JAPAN', 	'ARTSTYLE_ASIAN', 			'_ASIA', 	'ASIAN', 							'WW2_FLAGS', 	4, 'WW2_FLAGS', 	'mapJapan.dds', 				'TXT_KEY_WWII_JAPAN_DAWN', 					'dom_japan.dds', 		'AS2D_DOM_SPEECH_JAPAN');

INSERT OR REPLACE INTO Civilizations 
	(Type, 											Description, 									ShortDescription, 									Adjective, 													DefaultPlayerColor, ArtDefineTag, ArtStyleType, Playable, AIPlayable, PortraitIndex, IconAtlas, AlphaIconAtlas) 
VALUES	
	('CIVILIZATION_BARBARIAN', 	'TXT_KEY_CIV_BARBARIAN_DESC', 'TXT_KEY_CIV_BARBARIAN_SHORT_DESC', 'TXT_KEY_CIV_BARBARIAN_ADJECTIVE', 	'PLAYERCOLOR_BARBARIAN', 		'ART_DEF_CIVILIZATION_BARBARIAN', 'ARTSTYLE_BARBARIAN', 0, 0, 0, 'SHARED_CIV_COLOR_ATLAS', 'SHARED_CIV_ALPHA_ATLAS'),
	('CIVILIZATION_MINOR', 			'TXT_KEY_CIV_MINOR_DESC', 		'TXT_KEY_CIV_MINOR_SHORT_DESC', 		'TXT_KEY_CIV_MINOR_ADJECTIVE', 			'PLAYERCOLOR_MINOR_WHITE', 	'ART_DEF_CIVILIZATION_MINOR', 		'ARTSTYLE_BARBARIAN', 0, 0, 22, 'CIV_COLOR_ATLAS', 'CIV_ALPHA_ATLAS');

--------------------------------	
-- Civilization_Leaders
--------------------------------	
INSERT OR REPLACE INTO Civilization_Leaders
	(CivilizationType, 						LeaderheadType)
VALUES
	('CIVILIZATION_WWII_UK',		'LEADER_WWII_CHURCHILL'),
	('CIVILIZATION_WWII_FRANCE',		'LEADER_WWII_DEGAULLE'),
	('CIVILIZATION_WWII_GERMANY',		'LEADER_WWII_HITLER'),
	('CIVILIZATION_WWII_ITALY',		'LEADER_WWII_MUSSOLINI'),
	('CIVILIZATION_WWII_USSR',		'LEADER_WWII_STALIN'),
	('CIVILIZATION_WWII_USA',		'LEADER_WWII_ROOSEVELT'),
	('CIVILIZATION_WWII_JAPAN',		'LEADER_WWII_TOJO');
	
--------------------------------	
-- Civilization_BuildingClassOverrides
--------------------------------	
INSERT INTO Civilization_BuildingClassOverrides 
	(CivilizationType, BuildingClassType, BuildingType) 
VALUES 
	('CIVILIZATION_WWII_FRANCE', 'BUILDINGCLASS_LARGE_AIR_FACTORY', NULL);
	
--------------------------------	
-- Civilization_FreeTechs
--------------------------------	
INSERT INTO Civilization_BuildingClassOverrides 
	(CivilizationType, BuildingClassType, BuildingType) 
VALUES 
	('CIVILIZATION_WWII_FRANCE', 'BUILDINGCLASS_LARGE_AIR_FACTORY', NULL);

INSERT INTO Civilization_FreeTechs 
	(CivilizationType, TechType)
VALUES
	('CIVILIZATION_WWII_UK', 'TECH_SATELLITES'),
	('CIVILIZATION_WWII_FRANCE', 'TECH_SATELLITES'),
	('CIVILIZATION_WWII_GERMANY', 'TECH_SATELLITES'),
	('CIVILIZATION_WWII_ITALY', 'TECH_SATELLITES'),
	('CIVILIZATION_WWII_USSR', 'TECH_SATELLITES'),
	('CIVILIZATION_WWII_USA', 'TECH_SATELLITES'),
	('CIVILIZATION_WWII_JAPAN', 'TECH_SATELLITES');
	
--------------------------------	
-- MinorCivilizations
--------------------------------	
INSERT INTO MinorCivilizations
	(Type, 								Civilopedia,															Description,  										ShortDescription, 										Adjective, 										DefaultPlayerColor, 	ArtDefineTag,				 					ArtStyleType, 				ArtStylePrefix, ArtStyleSuffix, MinorCivTrait)
VALUES
	('MINOR_CIV_POLAND', 	'TXT_KEY_CIV_WWII_POLAND_PEDIA', 						'TXT_KEY_CIV_WWII_POLAND_DESC', 'TXT_KEY_CIV_WWII_POLAND_SHORT_DESC', 'TXT_KEY_CIV_WWII_POLAND_ADJECTIVE', 'PLAYERCOLOR_WHITE',	'ART_DEF_CIVILIZATION_MINOR', 'ARTSTYLE_EUROPEAN',	'EUROPEAN',			'_EURO',				'MINOR_TRAIT_MILITARISTIC'),
	('MINOR_CIV_NORWAY', 	'TXT_KEY_CIV_WWII_NORWAY_PEDIA', 						'TXT_KEY_CIV_WWII_NORWAY_DESC', 'TXT_KEY_CIV_WWII_NORWAY_SHORT_DESC', 'TXT_KEY_CIV_WWII_NORWAY_ADJECTIVE', 'PLAYERCOLOR_MIDDLE_BLUE',	'ART_DEF_CIVILIZATION_MINOR', 'ARTSTYLE_EUROPEAN',	'EUROPEAN',			'_EURO',				'MINOR_TRAIT_MERCANTILE'),
	('MINOR_CIV_SWEDEN', 	'TXT_KEY_CIV_WWII_SWEDEN_PEDIA', 						'TXT_KEY_CIV_WWII_SWEDEN_DESC', 'TXT_KEY_CIV_WWII_SWEDEN_SHORT_DESC', 'TXT_KEY_CIV_WWII_SWEDEN_ADJECTIVE', 'PLAYERCOLOR_YELLOW',	'ART_DEF_CIVILIZATION_MINOR', 'ARTSTYLE_EUROPEAN',	'EUROPEAN',			'_EURO',				'MINOR_TRAIT_MERCANTILE'),
	('MINOR_CIV_FINLAND', 	'TXT_KEY_CIV_WWII_FINLAND_PEDIA', 				'TXT_KEY_CIV_WWII_FINLAND_DESC', 'TXT_KEY_CIV_WWII_FINLAND_SHORT_DESC', 'TXT_KEY_CIV_WWII_FINLAND_ADJECTIVE', 'PLAYERCOLOR_LIGHT_BROWN',	'ART_DEF_CIVILIZATION_MINOR', 'ARTSTYLE_EUROPEAN',	'EUROPEAN',			'_EURO',				'MINOR_TRAIT_MILITARISTIC'),
	('MINOR_CIV_DENMARK', 	'TXT_KEY_CIV_WWII_DENMARK_PEDIA', 				'TXT_KEY_CIV_WWII_DENMARK_DESC', 'TXT_KEY_CIV_WWII_DENMARK_SHORT_DESC', 'TXT_KEY_CIV_WWII_DENMARK_ADJECTIVE', 'PLAYERCOLOR_DARK_RED',	'ART_DEF_CIVILIZATION_MINOR', 'ARTSTYLE_EUROPEAN',	'EUROPEAN',			'_EURO',				'MINOR_TRAIT_MARITIME'),
	('MINOR_CIV_SWITZERLAND', 	'TXT_KEY_CIV_WWII_SWITZERLAND_PEDIA', 'TXT_KEY_CIV_WWII_SWITZERLAND_DESC', 'TXT_KEY_CIV_WWII_SWITZERLAND_SHORT_DESC', 'TXT_KEY_CIV_WWII_SWITZERLAND_ADJECTIVE', 'PLAYERCOLOR_MINOR_BLUE',	'ART_DEF_CIVILIZATION_MINOR', 'ARTSTYLE_EUROPEAN',	'EUROPEAN',			'_EURO',				'MINOR_TRAIT_MERCANTILE'),
	('MINOR_CIV_IRELAND', 	'TXT_KEY_CIV_WWII_IRELAND_PEDIA', 	'TXT_KEY_CIV_WWII_IRELAND_DESC', 'TXT_KEY_CIV_WWII_IRELAND_SHORT_DESC', 'TXT_KEY_CIV_WWII_IRELAND_ADJECTIVE', 'PLAYERCOLOR_MIDDLE_GREEN',	'ART_DEF_CIVILIZATION_MINOR', 'ARTSTYLE_EUROPEAN',	'EUROPEAN',			'_EURO',				'MINOR_TRAIT_MARITIME'),
	('MINOR_CIV_BALTIC_STATES', 	'TXT_KEY_CIV_WWII_BALTIC_STATES_PEDIA', 	'TXT_KEY_CIV_WWII_BALTIC_STATES_DESC', 'TXT_KEY_CIV_WWII_BALTIC_STATES_SHORT_DESC', 'TXT_KEY_CIV_WWII_BALTIC_STATES_ADJECTIVE', 'PLAYERCOLOR_CYAN',	'ART_DEF_CIVILIZATION_MINOR', 'ARTSTYLE_EUROPEAN',	'EUROPEAN',			'_EURO',				'MINOR_TRAIT_MARITIME'),
	('MINOR_CIV_NETHERLANDS', 	'TXT_KEY_CIV_WWII_NETHERLANDS_PEDIA', 	'TXT_KEY_CIV_WWII_NETHERLANDS_DESC', 'TXT_KEY_CIV_WWII_NETHERLANDS_SHORT_DESC', 'TXT_KEY_CIV_WWII_NETHERLANDS_ADJECTIVE', 'PLAYERCOLOR_ORANGE',	'ART_DEF_CIVILIZATION_MINOR', 'ARTSTYLE_EUROPEAN',	'EUROPEAN',			'_EURO',				'MINOR_TRAIT_MARITIME'),
	('MINOR_CIV_BELGIUM', 	'TXT_KEY_CIV_WWII_BELGIUM_PEDIA', 	'TXT_KEY_CIV_WWII_BELGIUM_DESC', 'TXT_KEY_CIV_WWII_BELGIUM_SHORT_DESC', 'TXT_KEY_CIV_WWII_BELGIUM_ADJECTIVE', 'PLAYERCOLOR_DARK_CYAN',	'ART_DEF_CIVILIZATION_MINOR', 'ARTSTYLE_EUROPEAN',	'EUROPEAN',			'_EURO',				'MINOR_TRAIT_MARITIME'),
	('MINOR_CIV_YUGOSLAVIA', 	'TXT_KEY_CIV_WWII_YUGOSLAVIA_PEDIA', 	'TXT_KEY_CIV_WWII_YUGOSLAVIA_DESC', 'TXT_KEY_CIV_WWII_YUGOSLAVIA_SHORT_DESC', 'TXT_KEY_CIV_WWII_YUGOSLAVIA_ADJECTIVE', 'PLAYERCOLOR_LIGHT_PURPLE',	'ART_DEF_CIVILIZATION_MINOR', 'ARTSTYLE_EUROPEAN',	'EUROPEAN',			'_EURO',				'MINOR_TRAIT_MILITARISTIC'),
	('MINOR_CIV_HUNGARY', 	'TXT_KEY_CIV_WWII_HUNGARY_PEDIA', 	'TXT_KEY_CIV_WWII_HUNGARY_DESC', 'TXT_KEY_CIV_WWII_HUNGARY_SHORT_DESC', 'TXT_KEY_CIV_WWII_HUNGARY_ADJECTIVE', 'PLAYERCOLOR_DARK_LEMON',	'ART_DEF_CIVILIZATION_MINOR', 'ARTSTYLE_EUROPEAN',	'EUROPEAN',			'_EURO',				'MINOR_TRAIT_MARITIME'),
	('MINOR_CIV_GREECE', 	'TXT_KEY_CIV_WWII_GREECE_PEDIA', 	'TXT_KEY_CIV_WWII_GREECE_DESC', 'TXT_KEY_CIV_WWII_GREECE_SHORT_DESC', 'TXT_KEY_CIV_WWII_GREECE_ADJECTIVE', 'PLAYERCOLOR_GREECE',	'ART_DEF_CIVILIZATION_MINOR', 'ARTSTYLE_GRECO_ROMAN',	'EUROPEAN',			'_EURO',				'MINOR_TRAIT_MILITARISTIC'),
	('MINOR_CIV_BULGARIA', 	'TXT_KEY_CIV_WWII_BULGARIA_PEDIA', 	'TXT_KEY_CIV_WWII_BULGARIA_DESC', 'TXT_KEY_CIV_WWII_BULGARIA_SHORT_DESC', 'TXT_KEY_CIV_WWII_BULGARIA_ADJECTIVE', 'PLAYERCOLOR_ORANGE_AND_GREEN',	'ART_DEF_CIVILIZATION_MINOR', 'ARTSTYLE_EUROPEAN',	'EUROPEAN',			'_EURO',				'MINOR_TRAIT_MILITARISTIC'),
	('MINOR_CIV_ROMANIA', 	'TXT_KEY_CIV_WWII_ROMANIA_PEDIA', 	'TXT_KEY_CIV_WWII_ROMANIA_DESC', 'TXT_KEY_CIV_WWII_ROMANIA_SHORT_DESC', 'TXT_KEY_CIV_WWII_ROMANIA_ADJECTIVE', 'PLAYERCOLOR_BROWN',	'ART_DEF_CIVILIZATION_MINOR', 'ARTSTYLE_EUROPEAN',	'EUROPEAN',			'_EURO',				'MINOR_TRAIT_MILITARISTIC'),
	('MINOR_CIV_TURKEY', 	'TXT_KEY_CIV_WWII_TURKEY_PEDIA', 	'TXT_KEY_CIV_WWII_TURKEY_DESC', 'TXT_KEY_CIV_WWII_TURKEY_SHORT_DESC', 'TXT_KEY_CIV_WWII_TURKEY_ADJECTIVE', 'PLAYERCOLOR_OTTOMAN',	'ART_DEF_CIVILIZATION_MINOR', 'ARTSTYLE_MIDDLE_EAST',	'EUROPEAN',			'_EURO',				'MINOR_TRAIT_MARITIME'),
	('MINOR_CIV_EGYPT', 	'TXT_KEY_CIV_WWII_EGYPT_PEDIA', 	'TXT_KEY_CIV_WWII_EGYPT_DESC', 'TXT_KEY_CIV_WWII_EGYPT_SHORT_DESC', 'TXT_KEY_CIV_WWII_EGYPT_ADJECTIVE', 'PLAYERCOLOR_EGYPT',	'ART_DEF_CIVILIZATION_MINOR', 'ARTSTYLE_MIDDLE_EAST',	'AFRICAN',			'_AFRI',				'MINOR_TRAIT_MILITARISTIC'),
	('MINOR_CIV_BRITISH_COMMONWEALTH', 	'TXT_KEY_CIV_WWII_BRITISH_COMMONWEALTH_PEDIA', 	'TXT_KEY_CIV_WWII_BRITISH_COMMONWEALTH_DESC', 'TXT_KEY_CIV_WWII_BRITISH_COMMONWEALTH_SHORT_DESC', 'TXT_KEY_CIV_WWII_BRITISH_COMMONWEALTH_ADJECTIVE', 'PLAYERCOLOR_POLAND',	'ART_DEF_CIVILIZATION_MINOR', 'ARTSTYLE_EUROPEAN',	'EUROPEAN',			'_EURO',				'MINOR_TRAIT_MARITIME'),
	('MINOR_CIV_FRENCH_COLONY', 	'TXT_KEY_CIV_WWII_FRENCH_COLONY_PEDIA', 	'TXT_KEY_CIV_WWII_FRENCH_COLONY_DESC', 'TXT_KEY_CIV_WWII_FRENCH_COLONY_SHORT_DESC', 'TXT_KEY_CIV_WWII_FRENCH_COLONY_ADJECTIVE', 'PLAYERCOLOR_LIGHT_BLUE',	'ART_DEF_CIVILIZATION_MINOR', 'ARTSTYLE_EUROPEAN',	'EUROPEAN',			'_EURO',				'MINOR_TRAIT_MARITIME'),
	('MINOR_CIV_ITALIAN_EMPIRE', 	'TXT_KEY_CIV_WWII_ITALIAN_EMPIRE_PEDIA', 	'TXT_KEY_CIV_WWII_ITALIAN_EMPIRE_DESC', 'TXT_KEY_CIV_WWII_ITALIAN_EMPIRE_SHORT_DESC', 'TXT_KEY_CIV_WWII_ITALIAN_EMPIRE_ADJECTIVE', 'PLAYERCOLOR_BRAZIL',	'ART_DEF_CIVILIZATION_MINOR', 'ARTSTYLE_EUROPEAN',	'EUROPEAN',			'_EURO',				'MINOR_TRAIT_MARITIME'),
	('MINOR_CIV_NEPAL', 	'TXT_KEY_CIV_WWII_NEPAL_PEDIA', 	'TXT_KEY_CIV_WWII_NEPAL_DESC', 'TXT_KEY_CIV_WWII_NEPAL_SHORT_DESC', 'TXT_KEY_CIV_WWII_NEPAL_ADJECTIVE', 'PLAYERCOLOR_MINOR_LIGHT_ORANGE',	'ART_DEF_CIVILIZATION_MINOR', 'ARTSTYLE_MIDDLE_EAST',	'AFRICAN',			'_AFRI',				'MINOR_TRAIT_MILITARISTIC'),
	('MINOR_CIV_DUTCH_EAST_INDIES', 	'TXT_KEY_CIV_WWII_DUTCH_EAST_INDIES_PEDIA', 	'TXT_KEY_CIV_WWII_DUTCH_EAST_INDIES_DESC', 'TXT_KEY_CIV_WWII_DUTCH_EAST_INDIES_SHORT_DESC', 'TXT_KEY_CIV_WWII_DUTCH_EAST_INDIES_ADJECTIVE', 'PLAYERCOLOR_ZULU',	'ART_DEF_CIVILIZATION_MINOR', 'ARTSTYLE_MIDDLE_EAST',	'AFRICAN',			'_AFRI',				'MINOR_TRAIT_MILITARISTIC'),
	('MINOR_CIV_LATIN_AMERICA', 	'TXT_KEY_CIV_WWII_LATIN_AMERICA_PEDIA', 	'TXT_KEY_CIV_WWII_LATIN_AMERICA_DESC', 'TXT_KEY_CIV_WWII_LATIN_AMERICA_SHORT_DESC', 'TXT_KEY_CIV_WWII_LATIN_AMERICA_ADJECTIVE', 'PLAYERCOLOR_GREEN_AND_BLACK',	'ART_DEF_CIVILIZATION_MINOR', 'ARTSTYLE_EUROPEAN',	'EUROPEAN',			'_EURO',				'MINOR_TRAIT_MILITARISTIC'),
	('MINOR_CIV_ARABIA', 	'TXT_KEY_CIV_WWII_ARABIA_PEDIA', 	'TXT_KEY_CIV_WWII_ARABIA_DESC', 'TXT_KEY_CIV_WWII_ARABIA_SHORT_DESC', 'TXT_KEY_CIV_WWII_ARABIA_ADJECTIVE', 'PLAYERCOLOR_ARABIA',	'ART_DEF_CIVILIZATION_MINOR', 'ARTSTYLE_MIDDLE_EAST',	'AFRICAN',			'_AFRI',				'MINOR_TRAIT_MERCANTILE'),
	('MINOR_CIV_IRAQ', 	'TXT_KEY_CIV_WWII_IRAQ_PEDIA', 	'TXT_KEY_CIV_WWII_IRAQ_DESC', 'TXT_KEY_CIV_WWII_IRAQ_SHORT_DESC', 'TXT_KEY_CIV_WWII_IRAQ_ADJECTIVE', 'PLAYERCOLOR_DARK_GRAY',	'ART_DEF_CIVILIZATION_MINOR', 'ARTSTYLE_MIDDLE_EAST',	'AFRICAN',			'_AFRI',				'MINOR_TRAIT_MERCANTILE'),
	('MINOR_CIV_IRAN', 	'TXT_KEY_CIV_WWII_IRAN_PEDIA', 	'TXT_KEY_CIV_WWII_IRAN_DESC', 'TXT_KEY_CIV_WWII_IRAN_SHORT_DESC', 'TXT_KEY_CIV_WWII_IRAN_ADJECTIVE', 'PLAYERCOLOR_PERSIA',	'ART_DEF_CIVILIZATION_MINOR', 'ARTSTYLE_MIDDLE_EAST',	'AFRICAN',			'_AFRI',				'MINOR_TRAIT_MERCANTILE'),
	('MINOR_CIV_SPAIN', 	'TXT_KEY_CIV_WWII_SPAIN_PEDIA', 	'TXT_KEY_CIV_WWII_SPAIN_DESC', 'TXT_KEY_CIV_WWII_SPAIN_SHORT_DESC', 'TXT_KEY_CIV_WWII_SPAIN_ADJECTIVE', 'PLAYERCOLOR_SPAIN',	'ART_DEF_CIVILIZATION_MINOR', 'ARTSTYLE_GRECO_ROMAN',	'MEDITERRANEAN',			'_MED',				'MINOR_TRAIT_MILITARISTIC'),
	('MINOR_CIV_PORTUGAL', 	'TXT_KEY_CIV_WWII_PORTUGAL_PEDIA', 	'TXT_KEY_CIV_WWII_PORTUGAL_DESC', 'TXT_KEY_CIV_WWII_PORTUGAL_SHORT_DESC', 'TXT_KEY_CIV_WWII_PORTUGAL_ADJECTIVE', 'PLAYERCOLOR_PORTUGAL',	'ART_DEF_CIVILIZATION_MINOR', 'ARTSTYLE_GRECO_ROMAN',	'MEDITERRANEAN',			'_MED',				'MINOR_TRAIT_MERCANTILE'),
	('MINOR_CIV_VICHY', 	'TXT_KEY_CIV_WWII_VICHY_PEDIA', 	'TXT_KEY_CIV_WWII_VICHY_DESC', 'TXT_KEY_CIV_WWII_VICHY_SHORT_DESC', 'TXT_KEY_CIV_WWII_VICHY_ADJECTIVE', 'PLAYERCOLOR_CYAN_AND_GRAY',	'ART_DEF_CIVILIZATION_MINOR', 'ARTSTYLE_EUROPEAN',	'EUROPEAN',			'_EURO',				'MINOR_TRAIT_MERCANTILE'),
	('MINOR_CIV_THAILAND', 	'TXT_KEY_CIV_WWII_THAILAND_PEDIA', 	'TXT_KEY_CIV_WWII_THAILAND_DESC', 'TXT_KEY_CIV_WWII_THAILAND_SHORT_DESC', 'TXT_KEY_CIV_WWII_THAILAND_ADJECTIVE', 'PLAYERCOLOR_SIAM',	'ART_DEF_CIVILIZATION_MINOR', 'ARTSTYLE_ASIAN',	'ASIAN',			'_ASIA',				'MINOR_TRAIT_MARITIME'),
	('MINOR_CIV_AFGHANISTAN', 	'TXT_KEY_CIV_WWII_AFGHANISTAN_PEDIA', 	'TXT_KEY_CIV_WWII_AFGHANISTAN_DESC', 'TXT_KEY_CIV_WWII_AFGHANISTAN_SHORT_DESC', 'TXT_KEY_CIV_WWII_AFGHANISTAN_ADJECTIVE', 'PLAYERCOLOR_AZTEC',	'ART_DEF_CIVILIZATION_MINOR', 'ARTSTYLE_MIDDLE_EAST',	'AFRICAN',			'_AFRI',				'MINOR_TRAIT_MILITARISTIC'),
	('MINOR_CIV_MONGOLIA', 	'TXT_KEY_CIV_WWII_MONGOLIA_PEDIA', 	'TXT_KEY_CIV_WWII_MONGOLIA_DESC', 'TXT_KEY_CIV_WWII_MONGOLIA_SHORT_DESC', 'TXT_KEY_CIV_WWII_MONGOLIA_ADJECTIVE', 'PLAYERCOLOR_MONGOL',	'ART_DEF_CIVILIZATION_MINOR', 'ARTSTYLE_EUROPEAN',	'EUROPEAN',			'_EURO',				'MINOR_TRAIT_MARITIME'),
	('MINOR_CIV_REPUBLIC_OF_CHINA', 	'TXT_KEY_CIV_WWII_REPUBLIC_OF_CHINA_PEDIA', 	'TXT_KEY_CIV_WWII_REPUBLIC_OF_CHINA_DESC', 'TXT_KEY_CIV_WWII_REPUBLIC_OF_CHINA_SHORT_DESC', 'TXT_KEY_CIV_WWII_REPUBLIC_OF_CHINA_ADJECTIVE', 'PLAYERCOLOR_GREEN_AND_WHITE',	'ART_DEF_CIVILIZATION_MINOR', 'ARTSTYLE_ASIAN',	'ASIAN',			'_ASIA',				'MINOR_TRAIT_MARITIME');

--------------------------------	
-- MinorCivilization_Flavors
--------------------------------	
INSERT INTO MinorCivilization_Flavors (MinorCivType, FlavorType, Flavor)
	SELECT Type, ('FLAVOR_EXPANSION'), 0 FROM MinorCivilizations UNION ALL
	SELECT Type, ('FLAVOR_NUKE'), 0 FROM MinorCivilizations UNION ALL
	SELECT Type, ('FLAVOR_WONDER'), 0 FROM MinorCivilizations UNION ALL
	SELECT Type, ('FLAVOR_CITY_DEFENSE'), 7 FROM MinorCivilizations UNION ALL
	SELECT Type, ('FLAVOR_DEFENSE'), 7 FROM MinorCivilizations UNION ALL
	SELECT Type, ('FLAVOR_OFFENSE'), 7 FROM MinorCivilizations UNION ALL
	SELECT Type, ('FLAVOR_MILITARY_TRAINING'), 7 FROM MinorCivilizations;