--------------------------------	
-- BuildingClasses
--------------------------------	
INSERT INTO BuildingClasses 
	(DefaultBuilding,								Type,													Description)
VALUES		
	('BUILDING_WALLS',				'BUILDINGCLASS_WALLS',	'TXT_KEY_BUILDING_WALLS'),
	('BUILDING_FACTORY', 					'BUILDINGCLASS_FACTORY', 		'TXT_KEY_BUILDING_FACTORY'),
	('BUILDING_ARSENAL',	'BUILDINGCLASS_ARSENAL',	'TXT_KEY_BUILDING_ARSENAL'),
	('BUILDING_HARBOR',				'BUILDINGCLASS_HARBOR',	'TXT_KEY_BUILDING_HARBOR'),
	('BUILDING_BROADCAST_TOWER', 					'BUILDINGCLASS_BROADCAST_TOWER', 		'TXT_KEY_BUILDING_BROADCAST_TOWER'),
	('BUILDING_BARRACKS',	'BUILDINGCLASS_BARRACKS',	'TXT_KEY_BUILDING_BARRACKS'),
	('BUILDING_MILITARY_ACADEMY',				'BUILDINGCLASS_MILITARY_ACADEMY',	'TXT_KEY_BUILDING_MILITARY_ACADEMY'),
	('BUILDING_MILITARY_BASE', 					'BUILDINGCLASS_MILITARY_BASE', 		'TXT_KEY_BUILDING_MILITARY_BASE'),
	('BUILDING_BANK',	'BUILDINGCLASS_BANK',	'TXT_KEY_BUILDING_BANK'),
	
	('BUILDING_LAND_FACTORY',				'BUILDINGCLASS_LAND_FACTORY',	'TXT_KEY_BUILDING_LAND_FACTORY'),
	('BUILDING_SHIPYARD', 					'BUILDINGCLASS_SHIPYARD', 		'TXT_KEY_BUILDING_SHIPYARD'),
	('BUILDING_SMALL_AIR_FACTORY',	'BUILDINGCLASS_SMALL_AIR_FACTORY',	'TXT_KEY_BUILDING_SMALL_AIR_FACTORY'),
	('BUILDING_MEDIUM_AIR_FACTORY',	'BUILDINGCLASS_MEDIUM_AIR_FACTORY', 		'TXT_KEY_BUILDING_MEDIUM_AIR_FACTORY'),
	('BUILDING_LARGE_AIR_FACTORY',	'BUILDINGCLASS_LARGE_AIR_FACTORY',	'TXT_KEY_BUILDING_LARGE_AIR_FACTORY'),
	('BUILDING_SYNTHETIC_FUEL_PLANT', 	'BUILDINGCLASS_SYNTHETIC_FUEL_PLANT', 		'TXT_KEY_BUILDING_SYNTHETIC_FUEL_PLANT'),
	('BUILDING_OIL_REFINERY',	'BUILDINGCLASS_OIL_REFINERY',	'TXT_KEY_BUILDING_OIL_REFINERY'),
	('BUILDING_OPEN_CITY', 	'BUILDINGCLASS_OPEN_CITY', 		'TXT_KEY_BUILDING_OPEN_CITY'),
	('BUILDING_LEGION_HQ', 	'BUILDINGCLASS_LEGION_HQ', 		'TXT_KEY_BUILDING_LEGION_HQ'),
	('BUILDING_PALACE', 	'BUILDINGCLASS_PALACE', 		'TXT_KEY_BUILDING_PALACE');
	
UPDATE BuildingClasses SET MaxPlayerInstances = 1 WHERE Type = 'BUILDINGCLASS_PALACE';

--------------------------------	
-- Buildings
--------------------------------	
INSERT INTO Buildings 	
	(Type, 													BuildingClass,				Cost, GoldMaintenance,Description, 												Civilopedia,																	Help, MinAreaSize, Defense, ExtraCityHitPoints, ConquestProb, PortraitIndex, 	IconAtlas, ArtDefineTag, DisplayPosition)
VALUES
	('BUILDING_WALLS', 							'BUILDINGCLASS_WALLS', 							75, 	0, 	'TXT_KEY_BUILDING_WALLS', 								'TXT_KEY_CIV5_BUILDINGS_WALLS_TEXT', 					'TXT_KEY_BUILDING_WALLS_STRATEGY', -1, 500, 0, 0, 43, 'CUSTOM_BUILDING_ATLAS', 'ART_DEF_BUILDING_WALLS', 0),
	('BUILDING_FACTORY', 						'BUILDINGCLASS_FACTORY', 						360, 	3, 	'TXT_KEY_BUILDING_FACTORY', 							'TXT_KEY_CIV5_BUILDINGS_FACTORY_TEXT', 				'TXT_KEY_BUILDING_FACTORY_HELP', -1, 0, 0, 66, 3, 'BW_ATLAS_1', 'ART_DEF_BUILDING_FACTORY', 0),
	('BUILDING_ARSENAL', 						'BUILDINGCLASS_ARSENAL', 						300,	6,	'TXT_KEY_BUILDING_ARSENAL', 							'TXT_KEY_CIV5_BUILDINGS_ARSENAL_TEXT', 				'TXT_KEY_BUILDING_ARSENAL_HELP', -1, 1000, 50, 0, 9, 'BW_ATLAS_1', 'ART_DEF_BUILDING_MILITARY_ACADEMY', 0),
	('BUILDING_HARBOR', 						'BUILDINGCLASS_HARBOR', 						120,	2, 	'TXT_KEY_BUILDING_HARBOR', 								'TXT_KEY_BUILDING_HARBOR_PEDIA', 							'TXT_KEY_BUILDING_HARBOR_HELP', 10, 0, 0, 66, 26, 'BW_ATLAS_1', 'HARBOR', 16),
	('BUILDING_BROADCAST_TOWER', 		'BUILDINGCLASS_BROADCAST_TOWER', 		500, 	5, 	'TXT_KEY_BUILDING_BROADCAST_TOWER', 			'TXT_KEY_CIV5_BUILDINGS_BROADCASTTOWER_TEXT', 'TXT_KEY_BUILDING_BROADCAST_TOWER_HELP', -1, 0, 0, 100, 35, 'BW_ATLAS_1', 'RADIO TOWER', 2),
	('BUILDING_BARRACKS', 					'BUILDINGCLASS_BARRACKS', 					75, 	2, 	'TXT_KEY_BUILDING_BARRACKS', 							'TXT_KEY_CIV5_BUILDINGS_BARRACKS_TEXT', 			'TXT_KEY_BUILDING_BARRACKS_HELP', -1, 500, 25, 0, 5, 'BW_ATLAS_1', 'ART_DEF_BUILDING_BARRACKS', 0),
	('BUILDING_MILITARY_ACADEMY', 	'BUILDINGCLASS_MILITARY_ACADEMY', 	320, 	10, 'TXT_KEY_BUILDING_MILITARY_ACADEMY',			'TXT_KEY_CIV5_BUILDINGS_MILITARYACADEMY_TEXT','TXT_KEY_BUILDING_MILITARY_ACADEMY_HELP', -1, 0, 0, 0, 8, 'BW_ATLAS_1', 'ART_DEF_BUILDING_MILITARY_ACADEMY', 0),
	('BUILDING_MILITARY_BASE', 			'BUILDINGCLASS_MILITARY_BASE', 			500, 	18, 'TXT_KEY_BUILDING_MILITARY_BASE', 				'TXT_KEY_CIV5_BUILDINGS_MILITARYBASE_TEXT', 	'TXT_KEY_BUILDING_MILITARY_BASE_HELP', -1, 2000, 75, 0, 10, 'BW_ATLAS_1', 'MILITARY_BASE', 0),
	('BUILDING_BANK', 							'BUILDINGCLASS_BANK', 							200, 	0, 	'TXT_KEY_BUILDING_BANK', 									'TXT_KEY_CIV5_BUILDINGS_BANK_TEXT', 					'TXT_KEY_BUILDING_BANK_HELP', -1, 0, 0, 66, 18, 'BW_ATLAS_1', 'ART_DEF_BUILDING_BANK', 0),

	('BUILDING_LAND_FACTORY', 			'BUILDINGCLASS_LAND_FACTORY', 			120, 	3, 	'TXT_KEY_BUILDING_LAND_FACTORY', 					'TXT_KEY_BUILDING_LAND_FACTORY_HELP', 				'TXT_KEY_BUILDING_LAND_FACTORY_HELP', -1, 0, 0, 66, 13, 'CUSTOM_BUILDING_ATLAS', null, 0),
	('BUILDING_SHIPYARD', 					'BUILDINGCLASS_SHIPYARD', 					120, 	3, 	'TXT_KEY_BUILDING_SHIPYARD', 							'TXT_KEY_BUILDING_SHIPYARD_HELP', 						'TXT_KEY_BUILDING_SHIPYARD_HELP', -1, 0, 0, 66, 24, 'CUSTOM_BUILDING_ATLAS', null, 0),
	('BUILDING_SMALL_AIR_FACTORY',	'BUILDINGCLASS_SMALL_AIR_FACTORY', 	120, 	3, 	'TXT_KEY_BUILDING_SMALL_AIR_FACTORY', 		'TXT_KEY_BUILDING_SMALL_AIR_FACTORY_HELP', 		'TXT_KEY_BUILDING_SMALL_AIR_FACTORY_HELP', -1, 0, 0, 66, 19, 'CUSTOM_BUILDING_ATLAS', null, 0),
	('BUILDING_MEDIUM_AIR_FACTORY',	'BUILDINGCLASS_MEDIUM_AIR_FACTORY', 120, 	3,	'TXT_KEY_BUILDING_MEDIUM_AIR_FACTORY', 		'TXT_KEY_BUILDING_MEDIUM_AIR_FACTORY_HELP', 	'TXT_KEY_BUILDING_MEDIUM_AIR_FACTORY_HELP', -1, 0, 0, 66, 19, 'CUSTOM_BUILDING_ATLAS', null, 0),
	('BUILDING_LARGE_AIR_FACTORY',	'BUILDINGCLASS_LARGE_AIR_FACTORY', 	120, 	3, 	'TXT_KEY_BUILDING_LARGE_AIR_FACTORY', 		'TXT_KEY_BUILDING_LARGE_AIR_FACTORY_HELP', 		'TXT_KEY_BUILDING_LARGE_AIR_FACTORY_HELP', -1, 0, 0, 66, 19, 'CUSTOM_BUILDING_ATLAS', null, 0),
	('BUILDING_SYNTHETIC_FUEL_PLANT','BUILDINGCLASS_SYNTHETIC_FUEL_PLANT',360,25, 'TXT_KEY_BUILDING_SYNTHETIC_FUEL_PLANT', 	'TXT_KEY_BUILDING_SYNTHETIC_FUEL_PLANT_HELP', 'TXT_KEY_BUILDING_SYNTHETIC_FUEL_PLANT_HELP', -1, 0, 0, 66, 42, 'CUSTOM_BUILDING_ATLAS', null, 0),
	('BUILDING_OIL_REFINERY', 			'BUILDINGCLASS_OIL_REFINERY', 			320, 	5,	'TXT_KEY_BUILDING_OIL_REFINERY', 					'TXT_KEY_BUILDING_OIL_REFINERY_HELP', 				'TXT_KEY_BUILDING_OIL_REFINERY_HELP', -1, 0, 0, 66, 39, 'CUSTOM_BUILDING_ATLAS', null, 0),
	('BUILDING_OPEN_CITY', 					'BUILDINGCLASS_OPEN_CITY', 					-1, 	0, 	'TXT_KEY_BUILDING_OPEN_CITY', 						'TXT_KEY_BUILDING_OPEN_CITY_HELP', 						'TXT_KEY_BUILDING_OPEN_CITY_HELP', -1, -1000, 0, 100, 0, 'UNIT_ATLAS_1', null, 0),
	('BUILDING_LEGION_HQ',			 		'BUILDINGCLASS_LEGION_HQ', 					-1,		0, 	'TXT_KEY_BUILDING_LEGION_HQ', 						'TXT_KEY_BUILDING_LEGION_HQ_HELP',						'TXT_KEY_BUILDING_LEGION_HQ_HELP', -1, 2000, 0, 100, 8, 'BW_ATLAS_1', null, 0),
	('BUILDING_PALACE', 						'BUILDINGCLASS_PALACE', 						0, 		0, 	'TXT_KEY_BUILDING_PALACE', 								'TXT_KEY_CIV5_BUILDINGS_PALACE_TEXT', 				'TXT_KEY_BUILDING_PALACE_HELP', -1, 250, 0, 0, 19, 'BW_ATLAS_1', 'PALACE', 32);

UPDATE Buildings SET Capital = 1, NeverCapture = 1, NukeImmune = 1, ArtInfoCulturalVariation = 1 WHERE Type = 'BUILDING_PALACE';
UPDATE Buildings SET CityWall = 1, NeverCapture = 1 WHERE Type = 'BUILDING_WALLS';
UPDATE Buildings SET Water = 1, AllowsWaterRoutes = 1, ArtInfoEraVariation = 1 WHERE Type = 'BUILDING_HARBOR';

--------------------------------	
-- Building_Flavors
--------------------------------	
INSERT INTO Building_Flavors 	
	(BuildingType, 			FlavorType, Flavor)
VALUES
	('BUILDING_WALLS', 'FLAVOR_CITY_DEFENSE', 15),
	
	('BUILDING_FACTORY', 'FLAVOR_PRODUCTION', 100),
	('BUILDING_FACTORY', 'FLAVOR_GROWTH', 4),
	('BUILDING_FACTORY', 'FLAVOR_MILITARY_TRAINING', 10),
	
	('BUILDING_ARSENAL', 'FLAVOR_CITY_DEFENSE', 20),
	
	('BUILDING_HARBOR', 'FLAVOR_GOLD', 15),
	('BUILDING_HARBOR', 'FLAVOR_WATER_CONNECTION', 40),
	
	('BUILDING_BROADCAST_TOWER', 'FLAVOR_GROWTH', 10),
	
	('BUILDING_BARRACKS', 'FLAVOR_MILITARY_TRAINING', 10),
	('BUILDING_BARRACKS', 'FLAVOR_CITY_DEFENSE', 10),
	
	('BUILDING_MILITARY_ACADEMY', 'FLAVOR_MILITARY_TRAINING', 20),
	('BUILDING_MILITARY_ACADEMY', 'FLAVOR_SCIENCE', 100),
	
	('BUILDING_MILITARY_BASE', 'FLAVOR_MILITARY_TRAINING', 15),
	('BUILDING_MILITARY_BASE', 'FLAVOR_CITY_DEFENSE', 30),
	
	('BUILDING_BANK', 'FLAVOR_GOLD', 25),
	
	('BUILDING_LAND_FACTORY', 'FLAVOR_PRODUCTION', 100),
	('BUILDING_LAND_FACTORY', 'FLAVOR_GROWTH', 4),
	('BUILDING_LAND_FACTORY', 'FLAVOR_MILITARY_TRAINING', 10),
	
	('BUILDING_SHIPYARD', 'FLAVOR_PRODUCTION', 100),
	('BUILDING_SHIPYARD', 'FLAVOR_GROWTH', 4),
	('BUILDING_SHIPYARD', 'FLAVOR_NAVAL', 10),
	('BUILDING_SHIPYARD', 'FLAVOR_MILITARY_TRAINING', 10),
	
	('BUILDING_SMALL_AIR_FACTORY', 'FLAVOR_PRODUCTION', 100),
	('BUILDING_SMALL_AIR_FACTORY', 'FLAVOR_GROWTH', 4),
	('BUILDING_SMALL_AIR_FACTORY', 'FLAVOR_AIR', 10),
	('BUILDING_SMALL_AIR_FACTORY', 'FLAVOR_MILITARY_TRAINING', 10),
	
	('BUILDING_MEDIUM_AIR_FACTORY', 'FLAVOR_PRODUCTION', 100),
	('BUILDING_MEDIUM_AIR_FACTORY', 'FLAVOR_GROWTH', 4),
	('BUILDING_MEDIUM_AIR_FACTORY', 'FLAVOR_AIR', 10),
	('BUILDING_MEDIUM_AIR_FACTORY', 'FLAVOR_MILITARY_TRAINING', 10),
	
	('BUILDING_LARGE_AIR_FACTORY', 'FLAVOR_PRODUCTION', 100),
	('BUILDING_LARGE_AIR_FACTORY', 'FLAVOR_GROWTH', 4),
	('BUILDING_LARGE_AIR_FACTORY', 'FLAVOR_AIR', 10),
	('BUILDING_LARGE_AIR_FACTORY', 'FLAVOR_MILITARY_TRAINING', 10),
	
	('BUILDING_PALACE', 'FLAVOR_GOLD', 5);
	
--------------------------------	
-- Building_DomainProductionModifiers
--------------------------------	
INSERT INTO Building_DomainProductionModifiers 	
	(BuildingType, 			DomainType,						Modifier)
VALUES
	('BUILDING_LAND_FACTORY',	'DOMAIN_LAND', 				15),
	('BUILDING_SHIPYARD',	'DOMAIN_SEA',  						10),
	('BUILDING_SMALL_AIR_FACTORY',	'DOMAIN_AIR', 	10),
	('BUILDING_MEDIUM_AIR_FACTORY',	'DOMAIN_AIR', 	10),
	('BUILDING_LARGE_AIR_FACTORY',	'DOMAIN_AIR', 	10);

--------------------------------	
-- Building_ClassesNeededInCity
--------------------------------	
INSERT INTO Building_ClassesNeededInCity 
	(BuildingType, BuildingClassType) 
VALUES	
	('BUILDING_LAND_FACTORY', 'BUILDINGCLASS_FACTORY'),
	('BUILDING_SMALL_AIR_FACTORY', 'BUILDINGCLASS_FACTORY'),
	('BUILDING_MEDIUM_AIR_FACTORY', 'BUILDINGCLASS_FACTORY'),
	('BUILDING_LARGE_AIR_FACTORY', 'BUILDINGCLASS_FACTORY'),
	('BUILDING_SHIPYARD', 'BUILDINGCLASS_FACTORY'),
	('BUILDING_SHIPYARD', 'BUILDINGCLASS_HARBOR'),
	('BUILDING_MILITARY_BASE', 'BUILDINGCLASS_BARRACKS'),
	('BUILDING_MILITARY_ACADEMY', 'BUILDINGCLASS_BARRACKS');

--------------------------------	
-- Building_LockedBuildingClasses
--------------------------------	
INSERT INTO Building_LockedBuildingClasses 
	(BuildingType, BuildingClassType) 
VALUES 
	('BUILDING_LAND_FACTORY', 'BUILDINGCLASS_SMALL_AIR_FACTORY'),
	('BUILDING_LAND_FACTORY', 'BUILDINGCLASS_MEDIUM_AIR_FACTORY'),
	('BUILDING_LAND_FACTORY', 'BUILDINGCLASS_LARGE_AIR_FACTORY'),
	('BUILDING_LAND_FACTORY', 'BUILDINGCLASS_SHIPYARD'),
	-- Small Air (No land, large air and shipyard)
	('BUILDING_SMALL_AIR_FACTORY', 'BUILDINGCLASS_LAND_FACTORY'),
	('BUILDING_SMALL_AIR_FACTORY', 'BUILDINGCLASS_LARGE_AIR_FACTORY'),
	('BUILDING_SMALL_AIR_FACTORY', 'BUILDINGCLASS_SHIPYARD'),
	-- Medium Air (No land and shipyard)
	('BUILDING_MEDIUM_AIR_FACTORY', 'BUILDINGCLASS_LAND_FACTORY'),
	('BUILDING_MEDIUM_AIR_FACTORY', 'BUILDINGCLASS_SHIPYARD'),
	-- Large Air (No land, small air and shipyard)
	('BUILDING_LARGE_AIR_FACTORY', 'BUILDINGCLASS_LAND_FACTORY'),
	('BUILDING_LARGE_AIR_FACTORY', 'BUILDINGCLASS_SMALL_AIR_FACTORY'),
	('BUILDING_LARGE_AIR_FACTORY', 'BUILDINGCLASS_SHIPYARD'),
	-- Shipyard (No land and air)
	('BUILDING_SHIPYARD', 'BUILDINGCLASS_LAND_FACTORY'),
	('BUILDING_SHIPYARD', 'BUILDINGCLASS_SMALL_AIR_FACTORY'),
	('BUILDING_SHIPYARD', 'BUILDINGCLASS_MEDIUM_AIR_FACTORY'),
	('BUILDING_SHIPYARD', 'BUILDINGCLASS_LARGE_AIR_FACTORY'),
	-- For the open city
	('BUILDING_ARSENAL', 'BUILDINGCLASS_OPEN_CITY'),
	('BUILDING_BARRACKS', 'BUILDINGCLASS_OPEN_CITY'),
	('BUILDING_WALLS', 'BUILDINGCLASS_OPEN_CITY'),
	('BUILDING_MILITARY_BASE', 'BUILDINGCLASS_OPEN_CITY');

--------------------------------	
-- Building_LocalResourceAnds
--------------------------------	
INSERT INTO Building_LocalResourceAnds 	
			(BuildingType, 			ResourceType)
VALUES		('BUILDING_SYNTHETIC_FUEL_PLANT',	'RESOURCE_COAL');

--------------------------------
-- Building_ResourceQuantityRequirements
--------------------------------
INSERT INTO Building_ResourceQuantityRequirements 	
	(BuildingType, ResourceType, Cost)
VALUES
	('BUILDING_SYNTHETIC_FUEL_PLANT', 'RESOURCE_COAL', 1),
	('BUILDING_OIL_REFINERY', 'RESOURCE_OIL', 1),
	('BUILDING_LARGE_AIR_FACTORY', 'RESOURCE_ALUMINUM', 2),
	('BUILDING_MEDIUM_AIR_FACTORY', 'RESOURCE_ALUMINUM', 1),
	('BUILDING_SMALL_AIR_FACTORY', 'RESOURCE_ALUMINUM', 1),
	('BUILDING_FACTORY', 'RESOURCE_COAL', 1),
	('BUILDING_LAND_FACTORY', 'RESOURCE_IRON', 1),
	('BUILDING_SHIPYARD', 'RESOURCE_IRON', 1),
	('BUILDING_OIL_REFINERY', 'RESOURCE_OIL', 1);

--------------------------------
-- Building_YieldChanges
--------------------------------
INSERT INTO Building_YieldChanges 	
	(BuildingType, YieldType, Yield)
VALUES
	('BUILDING_BROADCAST_TOWER', 'YIELD_PERSONNEL', 5),
	
	('BUILDING_FACTORY', 'YIELD_PRODUCTION', 4),
	('BUILDING_FACTORY', 'YIELD_MATERIEL', 20),
	
	('BUILDING_LARGE_AIR_FACTORY', 'YIELD_MATERIEL', 20),
	('BUILDING_MEDIUM_AIR_FACTORY', 'YIELD_MATERIEL', 20),
	('BUILDING_SMALL_AIR_FACTORY', 'YIELD_MATERIEL', 20),
	
	('BUILDING_LAND_FACTORY', 'YIELD_MATERIEL', 20),
	
	('BUILDING_SHIPYARD', 'YIELD_MATERIEL', 20),
	
	('BUILDING_SYNTHETIC_FUEL_PLANT', 'YIELD_FUEL', 50),
	
	('BUILDING_OIL_REFINERY', 'YIELD_FUEL', 50),
	
	('BUILDING_BANK', 'YIELD_GOLD', 1),
	
	('BUILDING_PALACE', 'YIELD_PRODUCTION', 5),
	('BUILDING_PALACE', 'YIELD_GOLD', 5);
	
--------------------------------
-- Building_YieldChangesPerPop
--------------------------------
INSERT INTO Building_YieldChangesPerPop	
	(BuildingType, YieldType, Yield)
VALUES
	('BUILDING_BROADCAST_TOWER', 'YIELD_PERSONNEL', 200),
	('BUILDING_BANK', 'YIELD_GOLD', 50);
	
--------------------------------
-- Building_DomainFreeExperiences
--------------------------------
INSERT INTO Building_DomainFreeExperiences 
	(BuildingType, DomainType, Experience) 
VALUES 
	('BUILDING_BARRACKS', 'DOMAIN_LAND', 10),
	('BUILDING_MILITARY_ACADEMY', 'DOMAIN_LAND', 20),
	('BUILDING_MILITARY_ACADEMY', 'DOMAIN_AIR', 20),
	('BUILDING_MILITARY_ACADEMY', 'DOMAIN_SEA', 20),
	('BUILDING_MILITARY_BASE', 'DOMAIN_SEA', 15),
	('BUILDING_MILITARY_BASE', 'DOMAIN_AIR', 15),
	('BUILDING_MILITARY_BASE', 'DOMAIN_LAND', 15);
	
--------------------------------
-- Building_YieldModifiers
--------------------------------
INSERT INTO Building_YieldModifiers 
	(BuildingType, YieldType, Yield) 
VALUES 
	('BUILDING_FACTORY', 'YIELD_PRODUCTION', 10);
	
---------------------------------
-- Building_Flavors
---------------------------------
UPDATE Building_Flavors SET Flavor = Flavor / 2;

UPDATE Buildings SET Cost = Cost * 1.5 WHERE Cost > 0;